1,855,5849,table_tennis_paddle_and_ball,1700876912
2,273,5267,arrow_right,1700876912
3,90,5084,six_pointed_star,1700876912
4,579,1577,man-getting-massage,1700876912
5,934,6927,knot,1700876912
6,372,4367,black_small_square,1700876912
7,456,1454,flag-sd,1700876912
8,33,32,dagger_knife,1700876912
9,186,7178,high_heel,1700876912
10,912,1910,eye-in-speech-bubble,1700876912
11,710,2707,tiger2,1700876912
12,945,944,female-factory-worker,1700876912
13,205,1203,art,1700876912
14,217,7209,female_fairy,1700876912
15,748,1746,flag-th,1700876912
16,75,4070,golfer,1700876912
17,312,311,left-facing_fist,1700876912
18,807,3803,face_with_head_bandage,1700876912
19,720,5714,six,1700876912
20,417,3413,heavy_plus_sign,1700876912
21,314,3310,woman-boy,1700876912
22,254,2251,necktie,1700876912
23,734,3730,fr,1700876912
24,423,6416,flag-no,1700876912
25,576,1574,airplane_departure,1700876912
26,868,6861,bank,1700876912
27,329,328,flag-sx,1700876912
28,773,3769,coffin,1700876912
29,360,359,last_quarter_moon,1700876912
30,59,6052,ru,1700876912
31,436,2433,male-detective,1700876912
32,95,6088,hotsprings,1700876912
33,580,1578,table_tennis_paddle_and_ball,1700876912
34,243,242,runner,1700876912
35,453,5447,child,1700876912
36,640,1638,hot_pepper,1700876912
37,857,5851,ok,1700876912
38,119,3115,relieved,1700876912
39,550,549,ambulance,1700876912
40,37,1035,low_brightness,1700876912
41,627,5621,roller_skate,1700876912
42,25,24,pineapple,1700876912
43,231,7223,flag-vg,1700876912
44,961,2958,flag-rw,1700876912
45,778,6771,rhinoceros,1700876912
46,860,2857,flag-bo,1700876912
47,795,2792,white_frowning_face,1700876912
48,101,5095,teapot,1700876912
49,598,4593,man_in_motorized_wheelchair,1700876912
50,300,3296,male_vampire,1700876912
51,225,5219,merman,1700876912
52,180,7172,bamboo,1700876912
53,485,7477,ice_skate,1700876912
54,167,3163,judge,1700876912
55,347,1345,woman-raising-hand,1700876912
56,927,926,receipt,1700876912
57,981,980,apple,1700876912
58,945,6938,crossed_flags,1700876912
59,822,1820,small_blue_diamond,1700876912
60,704,6697,point_up,1700876912
61,240,6233,star2,1700876912
62,681,680,flag-ne,1700876912
63,215,5209,shallow_pan_of_food,1700876912
64,638,3634,flag-gp,1700876912
65,240,6233,aerial_tramway,1700876912
66,234,7226,kiwifruit,1700876912
67,413,4408,sparkle,1700876912
68,81,2078,stethoscope,1700876912
69,195,2192,motorized_wheelchair,1700876912
70,291,5285,female-farmer,1700876912
71,945,944,light_rail,1700876912
72,988,5982,flag-bb,1700876912
73,110,1108,exploding_head,1700876912
74,278,277,floppy_disk,1700876912
75,690,5684,flag-gf,1700876912
76,394,5388,female-farmer,1700876912
77,710,709,wind_chime,1700876912
78,169,3165,person_in_lotus_position,1700876912
79,686,3682,raised_hands,1700876912
80,638,1636,sa,1700876912
81,726,725,bicyclist,1700876912
82,460,6453,drooling_face,1700876912
83,68,4063,monkey_face,1700876912
84,87,2084,female-pilot,1700876912
85,555,3551,airplane_arriving,1700876912
86,186,3182,flag-az,1700876912
87,312,3308,golf,1700876912
88,332,6325,mens,1700876912
89,24,6017,umbrella_on_ground,1700876912
90,598,2595,chart_with_downwards_trend,1700876912
91,47,6040,clock830,1700876912
92,357,4352,ru,1700876912
93,112,1110,mountain,1700876912
94,124,1122,bat,1700876912
95,482,7474,cry,1700876912
96,3,2000,arrow_lower_right,1700876912
97,298,3294,pretzel,1700876912
98,342,6335,information_desk_person,1700876912
99,982,3978,tired_face,1700876912
100,218,6211,icecream,1700876912
101,287,6280,flag-ki,1700876912
102,835,4830,stethoscope,1700876912
103,346,3342,open_file_folder,1700876912
104,923,2920,mechanical_leg,1700876912
105,593,3589,woman-pouting,1700876912
106,533,4528,heart_on_fire,1700876912
107,782,3778,red_circle,1700876912
108,100,6093,magic_wand,1700876912
109,632,2629,boat,1700876912
110,323,4318,small_airplane,1700876912
111,296,2293,four,1700876912
112,103,5097,flag-sa,1700876912
113,701,3697,hot_pepper,1700876912
114,798,4793,disguised_face,1700876912
115,971,5965,volleyball,1700876912
116,515,5509,copyright,1700876912
117,428,3424,man-girl-boy,1700876912
118,9,5003,goat,1700876912
119,292,4287,small_red_triangle,1700876912
120,131,130,man-golfing,1700876912
121,493,1491,bat,1700876912
122,28,27,shield,1700876912
123,216,215,page_facing_up,1700876912
124,392,4387,hut,1700876912
125,339,7331,flying_saucer,1700876912
126,189,6182,trophy,1700876912
127,664,2661,flag-sg,1700876912
128,283,6276,clock3,1700876912
129,740,6733,cityscape,1700876912
130,189,4184,scorpion,1700876912
131,159,158,face_with_spiral_eyes,1700876912
132,849,4844,potable_water,1700876912
133,156,6149,lightning,1700876912
134,135,5129,basket,1700876912
135,477,6470,bed,1700876912
136,738,737,a,1700876912
137,460,6453,bear,1700876912
138,928,6921,nine,1700876912
139,915,3911,bangbang,1700876912
140,448,5442,upside_down_face,1700876912
141,27,5021,wind_blowing_face,1700876912
142,509,3505,flag-ao,1700876912
143,622,4617,flag-si,1700876912
144,143,4138,teapot,1700876912
145,837,836,alien,1700876912
146,630,3626,card_index,1700876912
147,828,4823,panda_face,1700876912
148,360,1358,sunrise,1700876912
149,846,5840,stuck_out_tongue_winking_eye,1700876912
150,613,5607,arrow_up,1700876912
151,382,5376,busts_in_silhouette,1700876912
152,469,1467,bird,1700876912
153,729,728,dollar,1700876912
154,333,1331,m,1700876912
155,587,6580,space_invader,1700876912
156,99,2096,takeout_box,1700876912
157,194,7186,desktop_computer,1700876912
158,651,650,cucumber,1700876912
159,276,5270,deciduous_tree,1700876912
160,141,5135,man,1700876912
161,680,679,izakaya_lantern,1700876912
162,611,2608,surfer,1700876912
163,92,91,flag-kg,1700876912
164,631,4626,man-getting-massage,1700876912
165,236,4231,file_folder,1700876912
166,687,3683,standing_person,1700876912
167,486,5480,lotion_bottle,1700876912
168,441,6434,tiger,1700876912
169,40,7032,ninja,1700876912
170,322,3318,lower_left_paintbrush,1700876912
171,15,1013,barber,1700876912
172,515,6508,woman-kiss-woman,1700876912
173,367,366,barber,1700876912
174,696,6689,salt,1700876912
175,167,2164,man-cartwheeling,1700876912
176,927,4922,ice_cream,1700876912
177,31,6024,zzz,1700876912
178,991,6984,blond-haired-woman,1700876912
179,886,2883,peace_symbol,1700876912
180,87,2084,motor_scooter,1700876912
181,973,5967,boy,1700876912
182,222,2219,firecracker,1700876912
183,519,518,woman-kiss-woman,1700876912
184,70,5064,crescent_moon,1700876912
185,912,4907,newspaper,1700876912
186,468,5462,lipstick,1700876912
187,191,6184,infinity,1700876912
188,725,5719,sake,1700876912
189,633,6626,flag-dg,1700876912
190,676,6669,city_sunrise,1700876912
191,780,3776,woman-heart-woman,1700876912
192,168,2165,tropical_fish,1700876912
193,559,1557,expressionless,1700876912
194,119,6112,first_quarter_moon_with_face,1700876912
195,964,3960,eject,1700876912
196,434,6427,radio,1700876912
197,805,3801,flag-kw,1700876912
198,895,2892,thought_balloon,1700876912
199,663,5657,japanese_goblin,1700876912
200,169,168,snail,1700876912
201,233,1231,waning_gibbous_moon,1700876912
202,380,6373,garlic,1700876912
203,662,6655,helicopter,1700876912
204,969,1967,flag-sg,1700876912
205,326,6319,clubs,1700876912
206,669,3665,woman-woman-boy,1700876912
207,650,3646,flag-ng,1700876912
208,161,3157,star_of_david,1700876912
209,663,3659,curling_stone,1700876912
210,860,6853,man-gesturing-no,1700876912
211,103,5097,supervillain,1700876912
212,500,3496,parachute,1700876912
213,978,977,flag-om,1700876912
214,812,3808,boxing_glove,1700876912
215,778,1776,diya_lamp,1700876912
216,808,807,woman-girl,1700876912
217,208,7200,pregnant_woman,1700876912
218,899,3895,boar,1700876912
219,751,750,loud_sound,1700876912
220,448,447,badminton_racquet_and_shuttlecock,1700876912
221,547,6540,man-bouncing-ball,1700876912
222,62,61,frowning,1700876912
223,211,1209,mouse,1700876912
224,313,4308,elevator,1700876912
225,243,1241,crystal_ball,1700876912
226,293,4288,man-man-boy-boy,1700876912
227,665,664,male-detective,1700876912
228,768,6761,man-man-boy-boy,1700876912
229,42,5036,heart_eyes,1700876912
230,336,4331,flag-ni,1700876912
231,860,3856,sleepy,1700876912
232,310,7302,mountain_cableway,1700876912
233,229,3225,woman-wrestling,1700876912
234,153,1151,u7121,1700876912
235,347,7339,bone,1700876912
236,184,3180,fax,1700876912
237,110,7102,cinema,1700876912
238,827,4822,flag-md,1700876912
239,566,2563,baguette_bread,1700876912
240,679,5673,flag-cm,1700876912
241,94,7086,male-firefighter,1700876912
242,38,6031,rotating_light,1700876912
243,645,644,female-guard,1700876912
244,486,1484,curry,1700876912
245,397,3393,ladybug,1700876912
246,506,5500,umbrella,1700876912
247,594,6587,cherry_blossom,1700876912
248,841,840,man-man-boy,1700876912
249,77,4072,man-mountain-biking,1700876912
250,502,5496,u5272,1700876912
251,201,200,fried_shrimp,1700876912
252,942,2939,sandwich,1700876912
253,555,4550,candle,1700876912
254,983,3979,flag-pg,1700876912
255,880,6873,woman-tipping-hand,1700876912
256,580,6573,man-kiss-man,1700876912
257,202,2199,envelope_with_arrow,1700876912
258,994,4989,flashlight,1700876912
259,396,395,first_quarter_moon,1700876912
260,137,3133,pineapple,1700876912
261,923,5917,stuffed_flatbread,1700876912
262,558,5552,ledger,1700876912
263,317,5311,ice_skate,1700876912
264,498,1496,flag-mr,1700876912
265,354,5348,capricorn,1700876912
266,639,1637,flatbread,1700876912
267,231,3227,interrobang,1700876912
268,148,4143,clock330,1700876912
269,246,3242,virgo,1700876912
270,845,5839,smiling_face_with_3_hearts,1700876912
271,901,1899,black_right_pointing_triangle_with_double_vertical_bar,1700876912
272,340,4335,man-woman-girl-girl,1700876912
273,122,2119,exploding_head,1700876912
274,456,2453,aquarius,1700876912
275,769,1767,oncoming_automobile,1700876912
276,775,774,mailbox_with_mail,1700876912
277,289,2286,womans_clothes,1700876912
278,728,5722,flag-gy,1700876912
279,891,890,printer,1700876912
280,477,7469,football,1700876912
281,304,3300,man-shrugging,1700876912
282,250,6243,shield,1700876912
283,59,4054,city_sunset,1700876912
284,825,4820,flag-tj,1700876912
285,603,2600,clinking_glasses,1700876912
286,725,6718,person_with_pouting_face,1700876912
287,144,143,football,1700876912
288,233,4228,flag-mv,1700876912
289,498,2495,cupcake,1700876912
290,970,6963,headphones,1700876912
291,634,3630,page_facing_up,1700876912
292,141,4136,bullettrain_front,1700876912
293,531,5525,socks,1700876912
294,27,4022,watermelon,1700876912
295,977,5971,hot_face,1700876912
296,241,240,keyboard,1700876912
297,169,4164,tv,1700876912
298,336,6329,cheese_wedge,1700876912
299,497,6490,fireworks,1700876912
300,491,2488,spades,1700876912
301,449,6442,trumpet,1700876912
302,691,2688,banjo,1700876912
303,353,5347,left_right_arrow,1700876912
304,713,3709,flag-ma,1700876912
305,856,1854,confounded,1700876912
306,884,3880,face_with_monocle,1700876912
307,4,2001,bow,1700876912
308,600,2597,game_die,1700876912
309,215,1213,flag-kw,1700876912
310,432,5426,man-golfing,1700876912
311,736,735,man-tipping-hand,1700876912
312,316,1314,broken_heart,1700876912
313,211,2208,mountain_cableway,1700876912
314,893,5887,barber,1700876912
315,677,1675,moneybag,1700876912
316,602,1600,astonished,1700876912
317,620,6613,flag-sv,1700876912
318,1,2997,roller_skate,1700876912
319,882,4877,flag-gy,1700876912
320,690,6683,baby_chick,1700876912
321,776,6769,incoming_envelope,1700876912
322,327,3323,flag-zm,1700876912
323,402,2399,kite,1700876912
324,506,1504,watch,1700876912
325,18,4013,luggage,1700876912
326,143,3139,white_large_square,1700876912
327,102,3098,anguished,1700876912
328,721,6714,football,1700876912
329,350,5344,female_vampire,1700876912
330,690,689,flag-py,1700876912
331,42,5036,skull,1700876912
332,518,3514,speech_balloon,1700876912
333,257,3253,children_crossing,1700876912
334,873,872,hocho,1700876912
335,25,1023,tram,1700876912
336,985,1983,first_quarter_moon,1700876912
337,842,4837,man_with_turban,1700876912
338,407,6400,frog,1700876912
339,723,3719,flag-sj,1700876912
340,902,901,crescent_moon,1700876912
341,176,2173,drum_with_drumsticks,1700876912
342,988,5982,lemon,1700876912
343,89,7081,rabbit2,1700876912
344,749,2746,call_me_hand,1700876912
345,185,6178,email,1700876912
346,188,6181,surfer,1700876912
347,690,2687,flag-no,1700876912
348,661,3657,radio_button,1700876912
349,47,1045,ballot_box_with_check,1700876912
350,341,7333,man-playing-water-polo,1700876912
351,586,3582,diya_lamp,1700876912
352,983,2980,flag-mo,1700876912
353,508,3504,man-shrugging,1700876912
354,281,1279,black_medium_small_square,1700876912
355,997,4992,mostly_sunny,1700876912
356,620,2617,bear,1700876912
357,586,585,hindu_temple,1700876912
358,99,2096,person_in_tuxedo,1700876912
359,747,746,flag-pk,1700876912
360,436,4431,shopping_bags,1700876912
361,763,5757,waning_gibbous_moon,1700876912
362,499,5493,stethoscope,1700876912
363,786,785,satellite_antenna,1700876912
364,546,3542,fallen_leaf,1700876912
365,155,3151,flag-in,1700876912
366,397,7389,face_exhaling,1700876912
367,5,4000,flag-re,1700876912
368,799,6792,cry,1700876912
369,8,7,keycap_ten,1700876912
370,164,2161,sunglasses,1700876912
371,824,823,fox_face,1700876912
372,567,6560,nose,1700876912
373,979,2976,flag-bl,1700876912
374,606,3602,farmer,1700876912
375,428,5422,woman-mountain-biking,1700876912
376,728,5722,classical_building,1700876912
377,804,4799,shopping_bags,1700876912
378,955,6948,white_large_square,1700876912
379,512,1510,earth_asia,1700876912
380,163,6156,snowboarder,1700876912
381,969,3965,trumpet,1700876912
382,748,5742,frog,1700876912
383,127,2124,u6307,1700876912
384,424,5418,light_rail,1700876912
385,738,4733,kiwifruit,1700876912
386,552,4547,flag-ca,1700876912
387,71,70,flag-hr,1700876912
388,964,4959,o2,1700876912
389,993,4988,lying_face,1700876912
390,778,5772,bear,1700876912
391,427,2424,sleuth_or_spy,1700876912
392,598,2595,satellite_antenna,1700876912
393,293,3289,fire_engine,1700876912
394,908,6901,headstone,1700876912
395,325,2322,factory_worker,1700876912
396,841,4836,call_me_hand,1700876912
397,251,7243,flag-sa,1700876912
398,52,5046,whale,1700876912
399,121,1119,flag-om,1700876912
400,963,3959,sari,1700876912
401,588,3584,house_buildings,1700876912
402,313,2310,trolleybus,1700876912
403,375,374,oncoming_automobile,1700876912
404,283,4278,crown,1700876912
405,567,5561,flag-io,1700876912
406,932,2929,purse,1700876912
407,977,976,heart_eyes,1700876912
408,699,5693,linked_paperclips,1700876912
409,753,1751,flag-mm,1700876912
410,701,700,rainbow,1700876912
411,23,7015,taurus,1700876912
412,291,3287,rice,1700876912
413,826,6819,ladder,1700876912
414,459,7451,hugging_face,1700876912
415,813,1811,flag-be,1700876912
416,266,5260,military_helmet,1700876912
417,831,4826,flag-my,1700876912
418,376,6369,pig2,1700876912
419,583,5577,tiger2,1700876912
420,743,742,soap,1700876912
421,999,2996,worried,1700876912
422,824,823,desktop_computer,1700876912
423,813,6806,100,1700876912
424,436,1434,factory,1700876912
425,765,2762,flag-eg,1700876912
426,900,2897,round_pushpin,1700876912
427,691,3687,clock2,1700876912
428,243,5237,dragon,1700876912
429,483,482,broom,1700876912
430,990,1988,station,1700876912
431,260,259,mermaid,1700876912
432,956,4951,church,1700876912
433,476,4471,doughnut,1700876912
434,312,7304,man-playing-handball,1700876912
435,831,1829,mans_shoe,1700876912
436,955,954,ant,1700876912
437,950,6943,sari,1700876912
438,341,5335,person_in_tuxedo,1700876912
439,985,5979,angry,1700876912
440,609,2606,sos,1700876912
441,378,5372,man-bowing,1700876912
442,194,193,wedding,1700876912
443,445,444,face_with_head_bandage,1700876912
444,537,2534,zombie,1700876912
445,789,5783,sheep,1700876912
446,422,4417,black_heart,1700876912
447,711,1709,women-with-bunny-ears-partying,1700876912
448,565,564,dna,1700876912
449,91,90,fly,1700876912
450,581,6574,flag-lv,1700876912
451,228,227,zombie,1700876912
452,531,5525,toothbrush,1700876912
453,714,6707,ladybug,1700876912
454,931,930,male-scientist,1700876912
455,232,4227,frog,1700876912
456,531,3527,flag-mh,1700876912
457,711,1709,camera_with_flash,1700876912
458,690,3686,fr,1700876912
459,15,3011,man-lifting-weights,1700876912
460,466,4461,stars,1700876912
461,302,301,left_speech_bubble,1700876912
462,493,6486,cut_of_meat,1700876912
463,588,6581,radio,1700876912
464,954,953,arrow_forward,1700876912
465,197,196,woman_with_veil,1700876912
466,630,3626,tm,1700876912
467,822,1820,peacock,1700876912
468,40,2037,thought_balloon,1700876912
469,397,6390,nerd_face,1700876912
470,696,6689,fried_egg,1700876912
471,774,2771,shamrock,1700876912
472,155,4150,fried_egg,1700876912
473,84,7076,heartbeat,1700876912
474,300,7292,sagittarius,1700876912
475,156,4151,flag-sk,1700876912
476,64,5058,male-construction-worker,1700876912
477,604,3600,compression,1700876912
478,901,3897,deaf_person,1700876912
479,350,3346,dark_sunglasses,1700876912
480,323,1321,zzz,1700876912
481,274,6267,flag-eu,1700876912
482,54,2051,flag-cl,1700876912
483,66,2063,car,1700876912
484,12,6005,linked_paperclips,1700876912
485,189,1187,man-girl-boy,1700876912
486,675,674,rolling_on_the_floor_laughing,1700876912
487,155,4150,wheel_of_dharma,1700876912
488,212,7204,flag-xk,1700876912
489,983,4978,upside_down_face,1700876912
490,840,4835,dango,1700876912
491,44,2041,giraffe_face,1700876912
492,60,59,swan,1700876912
493,74,6067,pig_nose,1700876912
494,55,1053,cucumber,1700876912
495,815,1813,beers,1700876912
496,157,3153,flag-id,1700876912
497,247,4242,globe_with_meridians,1700876912
498,605,3601,man_in_lotus_position,1700876912
499,119,7111,thought_balloon,1700876912
500,365,7357,flag-at,1700876912
501,578,577,softball,1700876912
502,877,2874,arrow_lower_left,1700876912
503,443,4438,notebook_with_decorative_cover,1700876912
504,195,2192,wolf,1700876912
505,183,7175,butter,1700876912
506,149,2146,garlic,1700876912
507,411,4406,flag-ml,1700876912
508,13,6006,u6307,1700876912
509,91,5085,eggplant,1700876912
510,42,4037,tropical_drink,1700876912
511,28,7020,flag-sa,1700876912
512,311,310,izakaya_lantern,1700876912
513,877,2874,green_salad,1700876912
514,442,7434,auto_rickshaw,1700876912
515,900,2897,admission_tickets,1700876912
516,484,2481,flag-tn,1700876912
517,547,5541,u7a7a,1700876912
518,336,5330,virgo,1700876912
519,163,5157,barber,1700876912
520,646,3642,female_elf,1700876912
521,50,5044,white_haired_woman,1700876912
522,95,94,flag-sv,1700876912
523,334,1332,shopping_trolley,1700876912
524,403,4398,mag_right,1700876912
525,396,395,triangular_flag_on_post,1700876912
526,608,2605,hotsprings,1700876912
527,69,68,woman-wearing-turban,1700876912
528,663,3659,gift,1700876912
529,193,7185,person_climbing,1700876912
530,149,2146,diamond_shape_with_a_dot_inside,1700876912
531,628,6621,warning,1700876912
532,213,4208,hospital,1700876912
533,733,732,white_check_mark,1700876912
534,899,6892,hankey,1700876912
535,484,6477,sos,1700876912
536,123,122,man_standing,1700876912
537,348,2345,computer,1700876912
538,357,6350,red_circle,1700876912
539,590,589,yo-yo,1700876912
540,798,3794,cut_of_meat,1700876912
541,544,3540,large_brown_square,1700876912
542,514,513,pisces,1700876912
543,397,5391,tanabata_tree,1700876912
544,126,5120,shrimp,1700876912
545,728,727,loud_sound,1700876912
546,703,5697,golf,1700876912
547,714,5708,flag-ag,1700876912
548,409,408,flag-bj,1700876912
549,31,1029,flag-ai,1700876912
550,719,718,rice_cracker,1700876912
551,59,1057,100,1700876912
552,797,796,woman-raising-hand,1700876912
553,830,6823,flag-lk,1700876912
554,131,5125,baseball,1700876912
555,70,5064,hospital,1700876912
556,20,3016,woman-walking,1700876912
557,408,2405,gear,1700876912
558,922,921,book,1700876912
559,924,923,flag-nr,1700876912
560,526,4521,ribbon,1700876912
561,651,6644,medical_symbol,1700876912
562,402,3398,female_supervillain,1700876912
563,614,4609,heart_eyes,1700876912
564,841,2838,lips,1700876912
565,574,5568,flag-cf,1700876912
566,428,5422,woman-surfing,1700876912
567,564,1562,post_office,1700876912
568,481,7473,crying_cat_face,1700876912
569,939,1937,flag-ic,1700876912
570,776,3772,pleading_face,1700876912
571,300,6293,blue_book,1700876912
572,700,2697,calling,1700876912
573,547,2544,flag-sz,1700876912
574,86,85,compression,1700876912
575,805,4800,joy,1700876912
576,49,6042,standing_person,1700876912
577,995,6988,left_speech_bubble,1700876912
578,887,3883,warning,1700876912
579,328,3324,compass,1700876912
580,764,2761,flag-ve,1700876912
581,850,1848,iphone,1700876912
582,362,361,female_sign,1700876912
583,665,6658,disappointed_relieved,1700876912
584,406,7398,mountain_bicyclist,1700876912
585,184,7176,right_anger_bubble,1700876912
586,638,1636,kite,1700876912
587,370,369,loop,1700876912
588,833,4828,takeout_box,1700876912
589,274,7266,table_tennis_paddle_and_ball,1700876912
590,473,472,flag-sg,1700876912
591,797,6790,seedling,1700876912
592,537,1535,male_vampire,1700876912
593,787,6780,leopard,1700876912
594,979,1977,flag-bs,1700876912
595,833,6826,traffic_light,1700876912
596,416,1414,flag-aw,1700876912
597,467,7459,stuffed_flatbread,1700876912
598,435,7427,stew,1700876912
599,483,2480,roller_skate,1700876912
600,115,1113,lock,1700876912
601,551,4546,cherries,1700876912
602,282,4277,feet,1700876912
603,301,7293,man_in_motorized_wheelchair,1700876912
604,187,2184,incoming_envelope,1700876912
605,46,1044,convenience_store,1700876912
606,912,3908,hourglass,1700876912
607,61,5055,ledger,1700876912
608,589,2586,left_speech_bubble,1700876912
609,414,4409,mag_right,1700876912
610,321,7313,snake,1700876912
611,362,361,hourglass_flowing_sand,1700876912
612,493,1491,mortar_board,1700876912
613,913,4908,exclamation,1700876912
614,77,5071,+1,1700876912
615,661,6654,racing_car,1700876912
616,245,5239,grey_exclamation,1700876912
617,647,3643,flag-no,1700876912
618,888,3884,flag-gh,1700876912
619,302,5296,flag-nr,1700876912
620,192,1190,face_in_clouds,1700876912
621,35,2032,flag-scotland,1700876912
622,993,2990,boot,1700876912
623,961,960,sparkles,1700876912
624,585,1583,kaaba,1700876912
625,791,4786,sunrise,1700876912
626,476,2473,diamond_shape_with_a_dot_inside,1700876912
627,797,3793,studio_microphone,1700876912
628,332,7324,link,1700876912
629,983,982,beginner,1700876912
630,448,447,clock8,1700876912
631,90,1088,ring,1700876912
632,14,5008,trident,1700876912
633,678,4673,registered,1700876912
634,684,5678,cactus,1700876912
635,163,162,flag-ic,1700876912
636,910,909,ramen,1700876912
637,859,6852,female-factory-worker,1700876912
638,308,5302,small_red_triangle_down,1700876912
639,488,7480,dango,1700876912
640,189,5183,cloud,1700876912
641,942,3938,ledger,1700876912
642,964,3960,spider,1700876912
643,736,4731,dna,1700876912
644,280,4275,llama,1700876912
645,266,2263,lower_left_paintbrush,1700876912
646,498,4493,tulip,1700876912
647,496,7488,clock7,1700876912
648,246,4241,briefcase,1700876912
649,715,5709,one,1700876912
650,53,3049,flag-cl,1700876912
651,521,6514,leaves,1700876912
652,616,5610,boot,1700876912
653,762,6755,palm_tree,1700876912
654,383,3379,face_with_rolling_eyes,1700876912
655,441,440,pinching_hand,1700876912
656,281,7273,flag-io,1700876912
657,14,7006,open_hands,1700876912
658,487,2484,flag-ve,1700876912
659,767,1765,heavy_minus_sign,1700876912
660,712,6705,smiling_face_with_tear,1700876912
661,403,2400,mechanical_arm,1700876912
662,282,6275,wilted_flower,1700876912
663,349,2346,zipper_mouth_face,1700876912
664,176,4171,turtle,1700876912
665,680,6673,bow,1700876912
666,890,6883,candy,1700876912
667,589,5583,man-shrugging,1700876912
668,736,1734,ox,1700876912
669,374,4369,mag,1700876912
670,615,614,hippopotamus,1700876912
671,716,4711,clock430,1700876912
672,155,7147,vs,1700876912
673,500,4495,female-factory-worker,1700876912
674,801,4796,rock,1700876912
675,350,5344,woman_in_manual_wheelchair,1700876912
676,206,1204,fist,1700876912
677,756,5750,cucumber,1700876912
678,988,4983,flag-ag,1700876912
679,596,4591,bikini,1700876912
680,956,955,keyboard,1700876912
681,716,1714,date,1700876912
682,205,204,ballot_box_with_check,1700876912
683,24,4019,sparkling_heart,1700876912
684,795,1793,m,1700876912
685,299,6292,snowflake,1700876912
686,806,6799,credit_card,1700876912
687,609,2606,male_superhero,1700876912
688,880,2877,ophiuchus,1700876912
689,668,667,rabbit,1700876912
690,316,1314,bullettrain_front,1700876912
691,837,4832,face_with_monocle,1700876912
692,302,2299,woman-tipping-hand,1700876912
693,619,4614,u7a7a,1700876912
694,422,3418,flag-bq,1700876912
695,280,1278,flag-kp,1700876912
696,638,1636,woman-heart-man,1700876912
697,176,7168,glass_of_milk,1700876912
698,146,2143,woman,1700876912
699,189,5183,face_with_spiral_eyes,1700876912
700,901,2898,keycap_star,1700876912
701,815,814,man-swimming,1700876912
702,398,6391,fire,1700876912
703,69,2066,nut_and_bolt,1700876912
704,307,3303,wave,1700876912
705,571,2568,anger,1700876912
706,858,3854,alarm_clock,1700876912
707,43,1041,funeral_urn,1700876912
708,37,6030,swimmer,1700876912
709,661,1659,flag-ax,1700876912
710,264,1262,thought_balloon,1700876912
711,638,637,vibration_mode,1700876912
712,796,795,man-shrugging,1700876912
713,80,7072,large_green_square,1700876912
714,916,5910,slightly_smiling_face,1700876912
715,634,4629,woman-pouting,1700876912
716,260,4255,bed,1700876912
717,993,6986,axe,1700876912
718,825,2822,old_key,1700876912
719,643,5637,hamburger,1700876912
720,65,4060,flag-fo,1700876912
721,41,7033,truck,1700876912
722,656,2653,garlic,1700876912
723,781,1779,moon,1700876912
724,517,2514,flag-gf,1700876912
725,462,1460,flag-me,1700876912
726,398,3394,o2,1700876912
727,254,2251,snow_cloud,1700876912
728,138,3134,seal,1700876912
729,110,3106,mahjong,1700876912
730,649,3645,barely_sunny,1700876912
731,476,1474,ice_hockey_stick_and_puck,1700876912
732,445,4440,teddy_bear,1700876912
733,184,4179,stew,1700876912
734,420,5414,flag-dk,1700876912
735,885,2882,woman_in_lotus_position,1700876912
736,392,6385,frog,1700876912
737,888,4883,es,1700876912
738,317,2314,world_map,1700876912
739,353,6346,clock430,1700876912
740,370,1368,cat2,1700876912
741,1,4995,woman-playing-water-polo,1700876912
742,266,1264,man-man-boy-boy,1700876912
743,355,1353,flag-ae,1700876912
744,624,2621,kissing_heart,1700876912
745,354,353,slightly_frowning_face,1700876912
746,16,2013,vhs,1700876912
747,510,509,us,1700876912
748,930,1928,persevere,1700876912
749,828,4823,mushroom,1700876912
750,580,4575,woman_with_veil,1700876912
751,63,1061,inbox_tray,1700876912
752,797,4792,grey_question,1700876912
753,210,4205,woman_in_steamy_room,1700876912
754,78,6071,oden,1700876912
755,653,1651,fairy,1700876912
756,257,4252,toothbrush,1700876912
757,644,5638,face_palm,1700876912
758,920,5914,sandwich,1700876912
759,838,4833,screwdriver,1700876912
760,498,7490,spoon,1700876912
761,757,4752,money_with_wings,1700876912
762,107,3103,flag-gq,1700876912
763,964,6957,flag-cc,1700876912
764,480,479,mrs_claus,1700876912
765,110,109,flag-ad,1700876912
766,539,4534,waning_crescent_moon,1700876912
767,556,5550,flag-gd,1700876912
768,410,2407,bacon,1700876912
769,32,6025,star,1700876912
770,468,1466,female_fairy,1700876912
771,105,3101,wc,1700876912
772,586,585,lips,1700876912
773,913,1911,student,1700876912
774,245,2242,nail_care,1700876912
775,237,3233,grey_exclamation,1700876912
776,321,7313,technologist,1700876912
777,365,5359,fire_engine,1700876912
778,711,5705,flag-gu,1700876912
779,704,5698,u7981,1700876912
780,781,2778,flag-et,1700876912
781,990,1988,mute,1700876912
782,984,6977,flag-mc,1700876912
783,999,5993,free,1700876912
784,936,1934,spiral_note_pad,1700876912
785,919,918,cd,1700876912
786,552,3548,syringe,1700876912
787,685,684,flag-by,1700876912
788,737,4732,man_in_lotus_position,1700876912
789,261,4256,flag-mh,1700876912
790,2,2998,flag-mm,1700876912
791,308,307,female-detective,1700876912
792,744,5738,bow,1700876912
793,339,338,flag-io,1700876912
794,757,756,clown_face,1700876912
795,996,3992,ballet_shoes,1700876912
796,816,3812,flag-hm,1700876912
797,264,7256,flag-vi,1700876912
798,638,1636,flag-at,1700876912
799,149,7141,flag-ax,1700876912
800,319,3315,poultry_leg,1700876912
801,347,5341,bed,1700876912
802,306,2303,ninja,1700876912
803,730,1728,aquarius,1700876912
804,90,4085,scooter,1700876912
805,812,811,bear,1700876912
806,618,617,iphone,1700876912
807,706,5700,flag-zm,1700876912
808,841,840,no_entry_sign,1700876912
809,728,6721,bow_and_arrow,1700876912
810,696,4691,man,1700876912
811,647,2644,flag-my,1700876912
812,872,1870,male-construction-worker,1700876912
813,207,5201,scissors,1700876912
814,107,4102,no_entry,1700876912
815,714,4709,unicorn_face,1700876912
816,622,5616,floppy_disk,1700876912
817,130,6123,fondue,1700876912
818,531,530,merperson,1700876912
819,335,2332,love_hotel,1700876912
820,753,5747,flag-sj,1700876912
821,142,3138,flag-gs,1700876912
822,384,6377,small_orange_diamond,1700876912
823,841,6834,mechanical_leg,1700876912
824,879,6872,pineapple,1700876912
825,468,7460,tent,1700876912
826,644,1642,white_medium_small_square,1700876912
827,909,2906,flag-fi,1700876912
828,35,4030,bearded_person,1700876912
829,440,439,runner,1700876912
830,929,2926,boomerang,1700876912
831,265,264,dog2,1700876912
832,410,409,us,1700876912
833,292,3288,heartpulse,1700876912
834,853,6846,u6708,1700876912
835,595,3591,worm,1700876912
836,775,774,camera_with_flash,1700876912
837,692,6685,bow,1700876912
838,423,7415,arrow_right_hook,1700876912
839,20,1018,potato,1700876912
840,684,4679,socks,1700876912
841,752,4747,mag_right,1700876912
842,752,6745,carousel_horse,1700876912
843,34,6027,sweat_drops,1700876912
844,62,3058,flag-ml,1700876912
845,139,7131,flag-qa,1700876912
846,666,2663,moon_cake,1700876912
847,240,239,arrow_lower_left,1700876912
848,5,2002,pinched_fingers,1700876912
849,904,2901,leaves,1700876912
850,408,3404,high_heel,1700876912
851,17,4012,euro,1700876912
852,375,7367,fries,1700876912
853,123,3119,person_in_steamy_room,1700876912
854,836,6829,chair,1700876912
855,658,3654,tractor,1700876912
856,880,2877,books,1700876912
857,33,5027,closed_umbrella,1700876912
858,855,1853,money_mouth_face,1700876912
859,296,4291,ballet_shoes,1700876912
860,790,6783,sun_with_face,1700876912
861,152,7144,scream,1700876912
862,187,7179,green_salad,1700876912
863,802,4797,star,1700876912
864,331,1329,polar_bear,1700876912
865,871,2868,boar,1700876912
866,326,325,elevator,1700876912
867,858,3854,door,1700876912
868,864,1862,supervillain,1700876912
869,18,17,bug,1700876912
870,185,3181,wastebasket,1700876912
871,890,889,meat_on_bone,1700876912
872,302,6295,astronaut,1700876912
873,347,6340,tokyo_tower,1700876912
874,962,4957,mage,1700876912
875,191,3187,pensive,1700876912
876,154,1152,person_with_ball,1700876912
877,241,4236,flag-cd,1700876912
878,461,5455,unicorn_face,1700876912
879,65,64,clipboard,1700876912
880,601,600,leafy_green,1700876912
881,154,3150,sneezing_face,1700876912
882,913,912,wolf,1700876912
883,588,2585,manual_wheelchair,1700876912
884,351,2348,blue_car,1700876912
885,952,1950,classical_building,1700876912
886,786,1784,test_tube,1700876912
887,952,2949,hushed,1700876912
888,159,3155,free,1700876912
889,364,6357,secret,1700876912
890,893,4888,clock1230,1700876912
891,751,3747,camera,1700876912
892,340,5334,nerd_face,1700876912
893,74,7066,child,1700876912
894,105,7097,open_file_folder,1700876912
895,380,6373,laughing,1700876912
896,950,6943,oncoming_bus,1700876912
897,112,4107,man-mountain-biking,1700876912
898,775,774,trumpet,1700876912
899,424,5418,rosette,1700876912
900,673,4668,pig_nose,1700876912
901,739,4734,flag-np,1700876912
902,514,5508,timer_clock,1700876912
903,927,1925,no_mouth,1700876912
904,111,4106,large_purple_square,1700876912
905,129,2126,bald_man,1700876912
906,886,1884,two_hearts,1700876912
907,151,150,woman-boy,1700876912
908,721,6714,car,1700876912
909,744,1742,u6708,1700876912
910,563,3559,tophat,1700876912
911,743,6736,test_tube,1700876912
912,843,842,flag-tr,1700876912
913,442,7434,pig_nose,1700876912
914,273,272,woman-raising-hand,1700876912
915,416,6409,pick,1700876912
916,510,1508,man_standing,1700876912
917,263,3259,crescent_moon,1700876912
918,621,3617,crossed_fingers,1700876912
919,74,73,ferry,1700876912
920,366,3362,eject,1700876912
921,997,5991,clock630,1700876912
922,586,2583,man-walking,1700876912
923,372,5366,baby_bottle,1700876912
924,166,5160,clock230,1700876912
925,18,7010,point_up,1700876912
926,869,1867,scales,1700876912
927,88,3084,merman,1700876912
928,123,3119,wheel_of_dharma,1700876912
929,852,3848,construction_worker,1700876912
930,941,940,flag-gr,1700876912
931,879,4874,bagel,1700876912
932,126,125,flag-ci,1700876912
933,17,2014,statue_of_liberty,1700876912
934,718,4713,transgender_symbol,1700876912
935,848,2845,luggage,1700876912
936,367,366,seal,1700876912
937,440,2437,flag-mt,1700876912
938,352,2349,capital_abcd,1700876912
939,928,5922,hatching_chick,1700876912
940,313,5307,carrot,1700876912
941,147,7139,dolls,1700876912
942,351,4346,baby,1700876912
943,207,206,heavy_plus_sign,1700876912
944,971,4966,statue_of_liberty,1700876912
945,796,3792,handball,1700876912
946,725,3721,flag-pg,1700876912
947,980,5974,accept,1700876912
948,75,4070,flag-sl,1700876912
949,998,2995,earth_americas,1700876912
950,50,5044,tumbler_glass,1700876912
951,472,471,large_yellow_circle,1700876912
952,239,1237,heart_eyes,1700876912
953,941,2938,right_anger_bubble,1700876912
954,499,7491,man-woman-boy-boy,1700876912
955,592,591,flag-gs,1700876912
956,13,1011,ballot_box_with_check,1700876912
957,231,230,ice_cube,1700876912
958,946,3942,-1,1700876912
959,341,6334,tokyo_tower,1700876912
960,223,7215,leo,1700876912
961,691,2688,dvd,1700876912
962,948,947,paperclip,1700876912
963,496,4491,flag-gh,1700876912
964,593,2590,man-bouncing-ball,1700876912
965,237,7229,flag-bi,1700876912
966,616,615,man_standing,1700876912
967,903,3899,straight_ruler,1700876912
968,945,2942,ice_skate,1700876912
969,35,34,female-singer,1700876912
970,157,2154,lower_left_paintbrush,1700876912
971,436,6429,cockroach,1700876912
972,11,6004,cactus,1700876912
973,359,358,wolf,1700876912
974,436,6429,camel,1700876912
975,633,6626,pancakes,1700876912
976,216,4211,o2,1700876912
977,392,391,female-office-worker,1700876912
978,390,2387,bellhop_bell,1700876912
979,387,4382,table_tennis_paddle_and_ball,1700876912
980,221,220,koko,1700876912
981,937,2934,clock12,1700876912
982,647,3643,leo,1700876912
983,121,2118,upside_down_face,1700876912
984,906,905,people_holding_hands,1700876912
985,969,3965,flag-cg,1700876912
986,349,7341,nut_and_bolt,1700876912
987,190,6183,phone,1700876912
988,127,1125,eye,1700876912
989,230,7222,flag-tm,1700876912
990,86,5080,cow,1700876912
991,838,837,first_quarter_moon_with_face,1700876912
992,898,6891,abcd,1700876912
993,832,831,flag-zw,1700876912
994,468,4463,kr,1700876912
995,594,2591,crescent_moon,1700876912
996,971,6964,flag-ch,1700876912
997,599,4594,beginner,1700876912
998,411,3407,dancers,1700876912
999,357,2354,six_pointed_star,1700876912
1000,731,2728,control_knobs,1700876912
1001,731,2728,+1,1700876912
